PC1	PC2	PC3	PC4	PC5	PC6	PC7	PC8	Condition
-50.9713760390203	12.1300835266372	36.2806877903825	7.28232702393158	-2.7477410293721	-11.1023738975058	-0.341501176060395	1.71753236632988e-13	ctrl
-35.161032325083	0.714804181270625	-28.4192619459411	-14.5603151415367	12.5766283530945	-21.6738136811418	9.28553308839735	1.56024498876306e-13	ctrl
-34.1507555520738	-7.81585364413837	-4.07810972225316	-0.764516901571015	14.054076539902	34.791617788714	2.25893108026419	1.64931436563709e-13	ctrl
-12.9001092943996	-18.3486469300934	-17.0728245095734	18.10547189444	-31.3342173558187	0.120688223178578	-8.76781395427974	1.44672468449514e-13	ctrl
42.0284860239632	-38.7728392674605	14.4166607976039	3.3101208199425	7.21949186893198	-6.08333019154645	16.8801112372984	1.62216594323805e-13	Halo
26.5140230493084	-2.95765127825492	2.76192965793741	-10.2235770637798	11.928780772827	-4.27097856343199	-34.7985959847453	1.63022373378396e-13	Halo
27.4445104164378	20.4959458528495	4.50861417590934	-32.3826245468823	-19.8194931136446	7.69420611839843	9.18771493667074	1.65470068203e-13	Halo
37.1962537208672	34.5541575591898	-8.39769624406555	29.2331139154557	8.12247396408015	0.523984203334977	6.29562077245481	1.53467516472716e-13	Halo
