component	stdv	percent	cumulative
PC1	50.2479236291451	76.7	0.76697
PC2	14.263960953522	6.18	0.82877
PC3	11.3188854128643	3.89	0.86769
PC4	10.526839222881	3.37	0.90135
PC5	10.2560474650031	3.19	0.9333
PC6	9.63088429010169	2.82	0.96148
PC7	6.19587969565037	1.17	0.97314
PC8	5.3651764286327	0.87	0.98188
PC9	4.78764020757347	0.7	0.98885
PC10	4.43042328316261	0.6	0.99481
PC11	4.13393801475717	0.52	1
PC12	3.36262036518906e-14	0	1
